"Comparison","Transition","Mean_Difference","Cohens_d","n_pairs"
"Unilateral - Sham","CAP1 -> CAP2",-0.000148148148148149,-0.0118467587804932,20
"Unilateral - Sham","CAP1 -> CAP3",0.00195284130687617,0.0136331851206268,20
"Unilateral - Sham","CAP1 -> CAP4",0.0143754804258573,0.162237914280503,20
"Unilateral - Sham","CAP1 -> CAP5",0.0542560738207864,0.389081503041342,20
"Unilateral - Sham","CAP1 -> CAP6",-0.00107142857142857,-0.0536453065625487,20
"Unilateral - Sham","CAP1 -> CAP7",-0.0693648188339432,-0.49875346206157,20
"Unilateral - Sham","CAP2 -> CAP1",-0.00424005060961583,-0.18199152191931,20
"Unilateral - Sham","CAP2 -> CAP3",-0.00743935979691128,-0.0473113671187966,20
"Unilateral - Sham","CAP2 -> CAP4",0.0504785669242191,0.316858878919424,20
"Unilateral - Sham","CAP2 -> CAP5",0.0278838817339961,0.142649503243471,20
"Unilateral - Sham","CAP2 -> CAP6",-0.0645091252082099,-0.439858374070336,20
"Unilateral - Sham","CAP2 -> CAP7",-0.00217391304347826,-0.223606797749979,20
"Unilateral - Sham","CAP3 -> CAP1",-0.0331277198803549,-0.250347640498025,20
"Unilateral - Sham","CAP3 -> CAP2",0.0308840892241403,0.410715902114272,20
"Unilateral - Sham","CAP3 -> CAP4",0.0425281632352148,0.368661180877531,20
"Unilateral - Sham","CAP3 -> CAP5",-0.028556802536111,-0.207818149200729,20
"Unilateral - Sham","CAP3 -> CAP6",-0.00939356058915444,-0.0997654141151552,20
"Unilateral - Sham","CAP3 -> CAP7",-0.00233416945373467,-0.119253734983463,20
"Unilateral - Sham","CAP4 -> CAP1",0.0535812817083008,0.395282196634222,20
"Unilateral - Sham","CAP4 -> CAP2",0.0322094030802807,0.241880532757416,20
"Unilateral - Sham","CAP4 -> CAP3",-0.0418875942860328,-0.396084749880087,20
"Unilateral - Sham","CAP4 -> CAP5",-0.0345879178590513,-0.293083848686925,20
"Unilateral - Sham","CAP4 -> CAP6",0.000302962853541667,0.00299784274247024,20
"Unilateral - Sham","CAP4 -> CAP7",-0.00961813549703912,-0.136667751976437,20
"Unilateral - Sham","CAP5 -> CAP1",-0.00591326995062139,-0.0598076757412652,20
"Unilateral - Sham","CAP5 -> CAP2",-0.0158190853502457,-0.0915012192845269,20
"Unilateral - Sham","CAP5 -> CAP3",0.0134192395487841,0.14347129304258,20
"Unilateral - Sham","CAP5 -> CAP4",-0.0193169970252547,-0.188705351029246,20
"Unilateral - Sham","CAP5 -> CAP6",0.00157672786983132,0.119044098206677,20
"Unilateral - Sham","CAP5 -> CAP7",0.0260533849075065,0.166691785707598,20
"Unilateral - Sham","CAP6 -> CAP1",0.00848901098901099,0.366483760699575,20
"Unilateral - Sham","CAP6 -> CAP2",-0.0488209421297656,-0.202949495074602,20
"Unilateral - Sham","CAP6 -> CAP3",0.0552805059577505,0.262797986480194,20
"Unilateral - Sham","CAP6 -> CAP4",-0.011543739198538,-0.0637418518823148,20
"Unilateral - Sham","CAP6 -> CAP5",0.000761831048208757,0.0282468533204359,20
"Unilateral - Sham","CAP6 -> CAP7",-0.00416666666666667,-0.223606797749979,20
"Unilateral - Sham","CAP7 -> CAP1",-0.0187442255456961,-0.0940545201037917,20
"Unilateral - Sham","CAP7 -> CAP2",0.000977474323062559,0.0471009198473967,20
"Unilateral - Sham","CAP7 -> CAP3",-0.00810911310911311,-0.254425102902989,20
"Unilateral - Sham","CAP7 -> CAP4",0.00758713508713509,0.0580060149414682,20
"Unilateral - Sham","CAP7 -> CAP5",0.0182887292446116,0.101422325907877,20
"Bilateral - Sham","CAP1 -> CAP2",0.00615508021390374,0.270619813744877,20
"Bilateral - Sham","CAP1 -> CAP3",0.0416899837946412,0.297109119178992,20
"Bilateral - Sham","CAP1 -> CAP4",0.0108275508872157,0.108512839800359,20
"Bilateral - Sham","CAP1 -> CAP5",0.0262158013125505,0.226050596304228,20
"Bilateral - Sham","CAP1 -> CAP6",-0.00357142857142857,-0.223606797749979,20
"Bilateral - Sham","CAP1 -> CAP7",-0.0813169876368826,-0.592833154387616,20
"Bilateral - Sham","CAP2 -> CAP1",-0.00840671727628249,-0.484673066300242,20
"Bilateral - Sham","CAP2 -> CAP3",0.0103558856533853,0.0858877111750832,20
"Bilateral - Sham","CAP2 -> CAP4",0.034324344689451,0.416816037592843,20
"Bilateral - Sham","CAP2 -> CAP5",-0.0246965679055294,-0.138769502614633,20
"Bilateral - Sham","CAP2 -> CAP6",-0.0119030321175462,-0.0893239090336395,20
"Bilateral - Sham","CAP2 -> CAP7",0.00032608695652174,0.0214568226886031,20
"Bilateral - Sham","CAP3 -> CAP1",-0.00775085948258969,-0.0490924752194519,20
"Bilateral - Sham","CAP3 -> CAP2",0.00726403119603223,0.0638664253653735,20
"Bilateral - Sham","CAP3 -> CAP4",0.0445514537197424,0.36855779921242,20
"Bilateral - Sham","CAP3 -> CAP5",-0.004904679421844,-0.0391235473868922,20
"Bilateral - Sham","CAP3 -> CAP6",-0.0348843846162144,-0.29719928958365,20
"Bilateral - Sham","CAP3 -> CAP7",-0.00427556139512661,-0.2530033902178,20
"Bilateral - Sham","CAP4 -> CAP1",0.0165348450942575,0.139703639553508,20
"Bilateral - Sham","CAP4 -> CAP2",0.0582357794162882,0.411883403089887,20
"Bilateral - Sham","CAP4 -> CAP3",0.00031665601303171,0.00287834521146825,20
"Bilateral - Sham","CAP4 -> CAP5",-0.0513082749480818,-0.419523796343937,20
"Bilateral - Sham","CAP4 -> CAP6",-0.0205582789449225,-0.190729840431058,20
"Bilateral - Sham","CAP4 -> CAP7",-0.00322072663057318,-0.0450577880772402,20
"Bilateral - Sham","CAP5 -> CAP1",0.0187761272835425,0.166239642441411,20
"Bilateral - Sham","CAP5 -> CAP2",0.0105144094495897,0.0776607963588526,20
"Bilateral - Sham","CAP5 -> CAP3",-0.0228346210215119,-0.237903562849499,20
"Bilateral - Sham","CAP5 -> CAP4",-0.0186415992900955,-0.180122662181194,20
"Bilateral - Sham","CAP5 -> CAP6",0.00184729064039409,0.102074509351845,20
"Bilateral - Sham","CAP5 -> CAP7",0.010338392938081,0.0726994149925286,20
"Bilateral - Sham","CAP6 -> CAP1",-0.00513157894736842,-0.324774540382161,20
"Bilateral - Sham","CAP6 -> CAP2",0.0530278450479689,0.237145307922195,20
"Bilateral - Sham","CAP6 -> CAP3",-0.0298821661224912,-0.125348592449159,20
"Bilateral - Sham","CAP6 -> CAP4",-0.0122524106870082,-0.0787187819148136,20
"Bilateral - Sham","CAP6 -> CAP5",-0.00159502262443439,-0.0639316329725849,20
"Bilateral - Sham","CAP6 -> CAP7",-0.00416666666666667,-0.223606797749979,20
"Bilateral - Sham","CAP7 -> CAP1",-0.0219667121234459,-0.0988291140291097,20
"Bilateral - Sham","CAP7 -> CAP2",-0.00117349970291147,-0.0420697997183676,20
"Bilateral - Sham","CAP7 -> CAP3",0.0145200121515911,0.16858900498748,20
"Bilateral - Sham","CAP7 -> CAP4",0.0124384825700615,0.12499871586236,20
"Bilateral - Sham","CAP7 -> CAP5",-0.00381828289529528,-0.0181305264050824,20
"Bilateral - Unilateral","CAP1 -> CAP2",0.00630322836205189,0.280949196487958,20
"Bilateral - Unilateral","CAP1 -> CAP3",0.0397371424877651,0.280540815384069,20
"Bilateral - Unilateral","CAP1 -> CAP4",-0.00354792953864161,-0.0305331533521578,20
"Bilateral - Unilateral","CAP1 -> CAP5",-0.0280402725082359,-0.271561539465533,20
"Bilateral - Unilateral","CAP1 -> CAP6",-0.0025,-0.223606797749979,20
"Bilateral - Unilateral","CAP1 -> CAP7",-0.0119521688029394,-0.125534247138877,20
"Bilateral - Unilateral","CAP2 -> CAP1",-0.00416666666666667,-0.321271034494742,20
"Bilateral - Unilateral","CAP2 -> CAP3",0.0177952454502966,0.132267539387604,20
"Bilateral - Unilateral","CAP2 -> CAP4",-0.0161542222347681,-0.102083135638602,20
"Bilateral - Unilateral","CAP2 -> CAP5",-0.0525804496395256,-0.392034839428085,20
"Bilateral - Unilateral","CAP2 -> CAP6",0.0526060930906637,0.340265705875359,20
"Bilateral - Unilateral","CAP2 -> CAP7",0.0025,0.223606797749979,20
"Bilateral - Unilateral","CAP3 -> CAP1",0.0253768603977653,0.199087075879531,20
"Bilateral - Unilateral","CAP3 -> CAP2",-0.023620058028108,-0.237292378478417,20
"Bilateral - Unilateral","CAP3 -> CAP4",0.0020232904845276,0.0174659021488318,20
"Bilateral - Unilateral","CAP3 -> CAP5",0.023652123114267,0.179745907243353,20
"Bilateral - Unilateral","CAP3 -> CAP6",-0.0254908240270599,-0.221737138800249,20
"Bilateral - Unilateral","CAP3 -> CAP7",-0.00194139194139194,-0.104598198462208,20
"Bilateral - Unilateral","CAP4 -> CAP1",-0.0370464366140433,-0.336497470922222,20
"Bilateral - Unilateral","CAP4 -> CAP2",0.0260263763360075,0.171203187710539,20
"Bilateral - Unilateral","CAP4 -> CAP3",0.0422042502990645,0.380378617066628,20
"Bilateral - Unilateral","CAP4 -> CAP5",-0.0167203570890305,-0.10590155314145,20
"Bilateral - Unilateral","CAP4 -> CAP6",-0.0208612417984642,-0.163496516742303,20
"Bilateral - Unilateral","CAP4 -> CAP7",0.00639740886646594,0.0886800418217373,20
"Bilateral - Unilateral","CAP5 -> CAP1",0.0246893972341639,0.173426334810864,20
"Bilateral - Unilateral","CAP5 -> CAP2",0.0263334947998355,0.163346296092099,20
"Bilateral - Unilateral","CAP5 -> CAP3",-0.0362538605702959,-0.303606336261036,20
"Bilateral - Unilateral","CAP5 -> CAP4",0.000675397735159257,0.00652815225382152,20
"Bilateral - Unilateral","CAP5 -> CAP6",0.000270562770562771,0.0138086500638929,20
"Bilateral - Unilateral","CAP5 -> CAP7",-0.0157149919694254,-0.092760445137291,20
"Bilateral - Unilateral","CAP6 -> CAP1",-0.0136205899363794,-0.372635445238216,20
"Bilateral - Unilateral","CAP6 -> CAP2",0.101848787177735,0.473963905901512,20
"Bilateral - Unilateral","CAP6 -> CAP3",-0.0851626720802417,-0.440212242601076,20
"Bilateral - Unilateral","CAP6 -> CAP4",-0.000708671488470246,-0.00430993247731442,20
"Bilateral - Unilateral","CAP6 -> CAP5",-0.00235685367264315,-0.0878405665241733,20
"Bilateral - Unilateral","CAP7 -> CAP1",-0.00322248657774975,-0.0153277648237477,20
"Bilateral - Unilateral","CAP7 -> CAP2",-0.00215097402597402,-0.0715315454535444,20
"Bilateral - Unilateral","CAP7 -> CAP3",0.0226291252607042,0.277736368327453,20
"Bilateral - Unilateral","CAP7 -> CAP4",0.00485134748292643,0.0345976584621259,20
"Bilateral - Unilateral","CAP7 -> CAP5",-0.0221070121399069,-0.0991253927420852,20
