"task","metric","condition","parameter","correlation","p_value","r_squared","n_obs","sig"
"APM","CAP1->CAP7 Transition Probability","Bilateral","RH_contraction_expansion_ratio_y",0.592238815048929,0.00960801632626745,0.35074681405056,20,"**"
"BOB","CAP4 Occurrence Rate","Bilateral","x3_hand_speed_peak_bias",-0.561286740889593,0.0153646333068997,0.315042805498462,20,"*"
"APM","CAP1->CAP7 Transition Probability","Bilateral","LH_abs_error_y_m",0.545357387630045,0.0192426220787061,0.297414680242668,20,"*"
"BOB","CAP4 Occurrence Rate","Bilateral","x2_stdev_bar_angle_rad",-0.496536184155642,0.036076111065329,0.246548182175846,20,"*"
"VGR","CAP4 Occurrence Rate","Bilateral","RH_posture_speed_m_s",-0.483372473537732,0.0421327577551838,0.233648948173985,20,"*"
"OH","CAP1->CAP7 Transition Probability","Bilateral","movement_area_left_hand_m_2",0.473414781351201,0.0472072373903168,0.224121555201806,20,"*"
"OH","CAP4 Occurrence Rate","Bilateral","hand_speed_left_m_s",-0.444802702251492,0.0643756484062982,0.197849443930229,20,""
"OH","CAP4 Occurrence Rate","Bilateral","movement_area_bias",0.441132412923061,0.0668753403440642,0.194597805731322,20,""
"VGR","CAP1->CAP7 Transition Probability","Bilateral","RH_posture_speed_m_s",0.421152946028831,0.0817628652962885,0.177369803948763,20,""
"OH","CAP4 Occurrence Rate","Bilateral","hits_with_left",-0.432752656700553,0.0827358436683852,0.187274861881387,19,""
"BOB","CAP1->CAP7 Transition Probability","Bilateral","x1_reaction_time_abs_diff_s",0.470819043863789,0.0892816230717538,0.221670572064812,16,""
"BOB","CAP1->CAP7 Transition Probability","Bilateral","x3_targets_completed",0.395938951460806,0.103841678188411,0.156767653283882,20,""
"VGR","CAP1->CAP7 Transition Probability","Bilateral","LH_false_starts",0.383904728473477,0.128182855251176,0.147382840544294,19,""
"BOB","CAP4 Occurrence Rate","Bilateral","x2_right_hand_speed_maxima",0.369013398660112,0.13181795336651,0.136170888390687,20,""
"APM","CAP1->CAP7 Transition Probability","Bilateral","RH_abs_error_y_m",0.364375313447172,0.137121374068181,0.132769369049725,20,""
"VGR","CAP4 Occurrence Rate","Bilateral","RH_initial_direction_angle_rad",-0.340860026406858,0.16629784169069,0.116185557602084,20,""
"BOB","CAP4 Occurrence Rate","Bilateral","x1_hand_path_bias",0.340229959275482,0.167133197396865,0.115756425188596,20,""
"BOB","CAP1->CAP7 Transition Probability","Bilateral","x3_left_hand_speed_maxima",-0.337013127023551,0.171442466703581,0.113577847786192,20,""
"BOB","CAP1->CAP7 Transition Probability","Bilateral","x2_right_hand_speed_maxima",-0.332947917721465,0.176994716664832,0.11085431591506,20,""
"BOB","CAP1->CAP7 Transition Probability","Bilateral","x3_norm_absolute_hand_speed_diff",-0.332349921386585,0.177821531018708,0.110456470245669,20,""
"APM","CAP4 Occurrence Rate","Bilateral","RH_shift_y_m",-0.329447238614834,0.181871742558292,0.10853548303094,20,""
"BOB","CAP4 Occurrence Rate","Bilateral","x1_reaction_time_abs_diff_s",-0.376202303085204,0.184932366132564,0.141528172846611,16,""
"APM","CAP4 Occurrence Rate","Bilateral","RH_contraction_expansion_ratio_y",-0.326481314150105,0.1860735008176,0.10659004848918,20,""
"BOB","CAP4 Occurrence Rate","Bilateral","x2_hand_speed_diff_m_s",-0.335836195687424,0.187541672731007,0.112785950333802,19,""
"APM","CAP4 Occurrence Rate","Bilateral","LH_shift_x_m",0.324833372979753,0.188435849661046,0.105516720201403,20,""
"BOB","CAP4 Occurrence Rate","Bilateral","x1_mean_right_hand_speed_m_s",-0.31561976688842,0.202011033297706,0.0996158372507008,20,""
"APM","CAP4 Occurrence Rate","Bilateral","LH_variability_y_m",0.311758951336934,0.207885830130319,0.0971936437387048,20,""
"BOB","CAP1->CAP7 Transition Probability","Bilateral","x3_bar_length_variability",-0.304171317467652,0.219754392359222,0.0925201903700068,20,""
"BOB","CAP1->CAP7 Transition Probability","Bilateral","x3_right_hand_speed_maxima",-0.302931159095654,0.221735083601698,0.0917672871510367,20,""
"BOB","CAP4 Occurrence Rate","Bilateral","x3_stdev_bar_angle_rad",-0.294563986524594,0.23539961163724,0.0867679421572613,20,""
"BOB","CAP4 Occurrence Rate","Bilateral","x1_mean_left_hand_speed_m_s",-0.286077005639069,0.249797304846158,0.0818400531554162,20,""
"BOB","CAP4 Occurrence Rate","Bilateral","x3_mean_movement_time_s",-0.284573593021268,0.252404341156764,0.0809821298450343,20,""
"APM","CAP1->CAP7 Transition Probability","Bilateral","LH_variability_y_m",0.283975776379105,0.253445739083047,0.0806422415701153,20,""
"OH","CAP1->CAP7 Transition Probability","Bilateral","total_hits",0.279633099909281,0.261091622523338,0.0781946705648741,20,""
"BOB","CAP1->CAP7 Transition Probability","Bilateral","x3_mean_left_hand_speed_m_s",0.274739299345106,0.269878395951517,0.0754816826046398,20,""
"BOB","CAP4 Occurrence Rate","Bilateral","x1_hand_speed_peak_bias",-0.271453569943314,0.275879304412351,0.0736870406349697,20,""
"BOB","CAP1->CAP7 Transition Probability","Bilateral","x1_bar_length_variability",0.271114076707417,0.276503982456641,0.0735028425889154,20,""
"OH","CAP1->CAP7 Transition Probability","Bilateral","hits_with_left",0.274453107338419,0.286401938867722,0.0753245081277136,19,""
"APM","CAP4 Occurrence Rate","Bilateral","RH_contraction_expansion_ratio_x",0.263688105256116,0.29038537839619,0.0695314168535607,20,""
"VGR","CAP1->CAP7 Transition Probability","Bilateral","LH_reaction_time_s",0.255931925159509,0.305327152440734,0.0655011503158527,20,""
"BOB","CAP1->CAP7 Transition Probability","Bilateral","x2_hand_speed_peak_bias",-0.252340574272683,0.312398552199522,0.0636757654242676,20,""
"BOB","CAP1->CAP7 Transition Probability","Bilateral","x3_hand_speed_diff_m_s",0.258597565253225,0.316250077613517,0.0668727007548962,19,""
"APM","CAP4 Occurrence Rate","Bilateral","LH_variability_x_m",0.245405059096443,0.326327441035668,0.0602236430301286,20,""
"OH","CAP1->CAP7 Transition Probability","Bilateral","hits_with_right",0.25034440393601,0.332482474245945,0.062672320582076,19,""
"BOB","CAP1->CAP7 Transition Probability","Bilateral","x1_norm_absolute_hand_speed_diff",-0.241973980254473,0.333350611024906,0.0585514071201923,20,""
"BOB","CAP4 Occurrence Rate","Bilateral","x3_drops",0.241708908547557,0.333896828131872,0.0584231964712515,20,""
"OH","CAP1->CAP7 Transition Probability","Bilateral","hand_selection_overlap",0.239601372356182,0.338258211701346,0.0574088176349658,20,""
"BOB","CAP4 Occurrence Rate","Bilateral","x2_hand_path_bias",-0.231328226491266,0.355695497570048,0.0535127483715946,20,""
"BOB","CAP4 Occurrence Rate","Bilateral","x1_hand_speed_diff_m_s",-0.238362187800773,0.35688783990673,0.056816532573171,19,""
"VGR","CAP4 Occurrence Rate","Bilateral","LH_speed_maxima_count",0.228562192709549,0.36163742233966,0.0522406759361971,20,""
"VGR","CAP4 Occurrence Rate","Bilateral","LH_initial_direction_angle_rad",-0.224062566950229,0.37142241290485,0.050204033908326,20,""
"BOB","CAP1->CAP7 Transition Probability","Bilateral","x3_mean_right_hand_speed_m_s",0.22340571277974,0.372863102624193,0.0499101125026237,20,""
"VGR","CAP4 Occurrence Rate","Bilateral","LH_posture_speed_m_s",0.220376482008516,0.379547468707266,0.0485657938224497,20,""
"VGR","CAP4 Occurrence Rate","Bilateral","RH_path_length_ratio",-0.216222030644941,0.38882200005002,0.0467519665362217,20,""
"BOB","CAP1->CAP7 Transition Probability","Bilateral","x1_stdev_bar_angle_rad",-0.214223768650485,0.39332691350255,0.0458918230548167,20,""
"VGR","CAP1->CAP7 Transition Probability","Bilateral","LH_initial_direction_angle_rad",0.213306422868897,0.395404505782124,0.0454996300371247,20,""
"BOB","CAP4 Occurrence Rate","Bilateral","x3_drops_targets",0.212219395020064,0.397874121110333,0.0450370716226819,20,""
"VGR","CAP1->CAP7 Transition Probability","Bilateral","LH_movement_time_s",0.212126386501114,0.398085815692217,0.0449976038500201,20,""
"OH","CAP1->CAP7 Transition Probability","Bilateral","miss_bias",-0.209804131908104,0.403391268611822,0.044017773765713,20,""
"BOB","CAP1->CAP7 Transition Probability","Bilateral","x2_mean_left_hand_speed_m_s",-0.20691434174215,0.410046350532475,0.0428135448185872,20,""
"APM","CAP4 Occurrence Rate","Bilateral","LH_contraction_expansion_ratio_x",0.201868356733433,0.421806997499931,0.0407508334502565,20,""
"OH","CAP1->CAP7 Transition Probability","Bilateral","hand_speed_left_m_s",0.200653351338429,0.424665197886145,0.0402617674033428,20,""
"OH","CAP1->CAP7 Transition Probability","Bilateral","movement_area_bias",-0.200540504569501,0.424931177903816,0.0402164939729899,20,""
"BOB","CAP4 Occurrence Rate","Bilateral","x2_targets_completed",0.19863561012755,0.429434249858099,0.0394561056107439,20,""
"OH","CAP4 Occurrence Rate","Bilateral","miss_bias",0.19851332047674,0.429724188218959,0.0394075384067007,20,""
"BOB","CAP4 Occurrence Rate","Bilateral","x3_left_hand_speed_maxima",0.19673532508751,0.433951237803489,0.0387047881372883,20,""
"BOB","CAP1->CAP7 Transition Probability","Bilateral","x2_mean_right_hand_speed_m_s",-0.193708329312045,0.44119730037633,0.0375229168448636,20,""
"APM","CAP4 Occurrence Rate","Bilateral","RH_variability_y_m",0.193626114056246,0.44139497644297,0.0374910720445223,20,""
"BOB","CAP1->CAP7 Transition Probability","Bilateral","x3_drops_targets",-0.191937203378475,0.445465860118072,0.0368398900407501,20,""
"BOB","CAP1->CAP7 Transition Probability","Bilateral","x2_norm_absolute_hand_speed_diff",-0.190728423531349,0.448391265629808,0.0363773315427537,20,""
"BOB","CAP1->CAP7 Transition Probability","Bilateral","x1_mean_left_hand_speed_m_s",-0.189103310084187,0.452339714976942,0.035760061884796,20,""
"APM","CAP1->CAP7 Transition Probability","Bilateral","LH_contraction_expansion_ratio_x",-0.186468144573102,0.458779724478127,0.0347703689405353,20,""
"BOB","CAP4 Occurrence Rate","Bilateral","x3_mean_right_hand_speed_m_s",0.18395532040894,0.464963656534819,0.0338395599067557,20,""
"OH","CAP4 Occurrence Rate","Bilateral","hand_bias_of_hits",0.183328705846405,0.466512209801851,0.0336094143873176,20,""
"BOB","CAP1->CAP7 Transition Probability","Bilateral","x3_mean_movement_time_s",-0.1823135546297,0.469026425875542,0.0332382322017167,20,""
"BOB","CAP1->CAP7 Transition Probability","Bilateral","x1_hand_speed_diff_m_s",-0.18779126358527,0.470437931031383,0.0352655586789524,19,""
"OH","CAP4 Occurrence Rate","Bilateral","median_error",0.178696414628833,0.478039664441733,0.0319324086011996,20,""
"BOB","CAP1->CAP7 Transition Probability","Bilateral","x1_mean_bar_angle_rad",0.176060136306543,0.484662166424045,0.0309971715962784,20,""
"VGR","CAP1->CAP7 Transition Probability","Bilateral","LH_path_length_ratio",0.174549040199917,0.488478254461219,0.0304673674347122,20,""
"OH","CAP1->CAP7 Transition Probability","Bilateral","hand_speed_bias",0.169830757482874,0.500487058289728,0.0288424861872066,20,""
"VGR","CAP1->CAP7 Transition Probability","Bilateral","LH_initial_distance_ratio",-0.163595907013622,0.516569357748939,0.0267636207916095,20,""
"OH","CAP4 Occurrence Rate","Bilateral","hits_with_right",-0.167023249075218,0.521701133827822,0.0278967657316423,19,""
"APM","CAP4 Occurrence Rate","Bilateral","LH_abs_error_y_m",-0.161502645928405,0.522022359738229,0.0260831046418756,20,""
"OH","CAP4 Occurrence Rate","Bilateral","movement_area_right_hand_m_2",0.159094482261358,0.528328536246586,0.0253110542860095,20,""
"BOB","CAP4 Occurrence Rate","Bilateral","x3_bar_length_variability",0.156754886228157,0.53448848689179,0.0245720943564023,20,""
"BOB","CAP1->CAP7 Transition Probability","Bilateral","x2_mean_bar_angle_rad",0.154906791395714,0.539377357604001,0.0239961140205153,20,""
"BOB","CAP4 Occurrence Rate","Bilateral","x1_right_hand_speed_maxima",-0.154468412403062,0.540539984829306,0.0238604904303226,20,""
"APM","CAP1->CAP7 Transition Probability","Bilateral","LH_shift_x_m",-0.153459095392928,0.543221090714371,0.0235496939588158,20,""
"VGR","CAP1->CAP7 Transition Probability","Bilateral","RH_path_length_ratio",0.14547839823814,0.564628275654974,0.0211639643539347,20,""
"VGR","CAP4 Occurrence Rate","Bilateral","RH_speed_maxima_count",-0.145402510162729,0.564833579019308,0.0211418899616224,20,""
"BOB","CAP4 Occurrence Rate","Bilateral","x1_mean_bar_angle_rad",0.144525955412972,0.56720730681135,0.0208877517880325,20,""
"BOB","CAP1->CAP7 Transition Probability","Bilateral","x1_hand_path_bias",0.141996589169556,0.574080939434442,0.0201630313357877,20,""
"BOB","CAP4 Occurrence Rate","Bilateral","x2_hand_speed_peak_bias",0.141489362909613,0.575463614982569,0.0200192398165682,20,""
"BOB","CAP1->CAP7 Transition Probability","Bilateral","x2_left_hand_speed_maxima",-0.140469316941506,0.57824850383325,0.0197316290020132,20,""
"APM","CAP4 Occurrence Rate","Bilateral","LH_contraction_expansion_ratio_y",0.13886631189353,0.58263647899672,0.019283852578911,20,""
"BOB","CAP4 Occurrence Rate","Bilateral","x3_mean_bar_angle_rad",0.13671722324532,0.588541163259109,0.0186915991319107,20,""
"BOB","CAP1->CAP7 Transition Probability","Bilateral","x2_hand_speed_diff_m_s",-0.136170421858209,0.602284555855384,0.0185423837890425,19,""
"APM","CAP1->CAP7 Transition Probability","Bilateral","LH_shift_y_m",-0.126062982255198,0.618174329897418,0.0158918754950744,20,""
"BOB","CAP1->CAP7 Transition Probability","Bilateral","x1_mean_right_hand_speed_m_s",-0.125945125737508,0.618505398356182,0.0158621746970366,20,""
"OH","CAP4 Occurrence Rate","Bilateral","movement_area_left_hand_m_2",-0.124619935211574,0.622232765681928,0.015530128252137,20,""
"OH","CAP4 Occurrence Rate","Bilateral","total_hits",-0.122049790177142,0.629486734108507,0.0148961512822843,20,""
"BOB","CAP1->CAP7 Transition Probability","Bilateral","x1_hand_speed_peak_bias",-0.120591152421294,0.633618040604085,0.0145422260422959,20,""
"APM","CAP1->CAP7 Transition Probability","Bilateral","LH_variability_x_m",0.117618608887626,0.642069075575831,0.0138341371566603,20,""
"APM","CAP1->CAP7 Transition Probability","Bilateral","RH_variability_y_m",-0.116810919837304,0.644372663255552,0.013644790993237,20,""
"BOB","CAP4 Occurrence Rate","Bilateral","x3_hand_speed_diff_m_s",-0.116808206060976,0.655263547540727,0.0136441570031834,19,""
"BOB","CAP4 Occurrence Rate","Bilateral","x2_mean_movement_time_s",-0.110940156314084,0.661208142333269,0.0123077182829933,20,""
"OH","CAP1->CAP7 Transition Probability","Bilateral","movement_area_right_hand_m_2",0.108735778388343,0.667570295217302,0.0118234695017188,20,""
"OH","CAP1->CAP7 Transition Probability","Bilateral","median_error",0.108026564949292,0.669621807111653,0.0116697387347436,20,""
"BOB","CAP4 Occurrence Rate","Bilateral","x3_hand_path_bias",-0.106588749056402,0.673787739449874,0.0113611614254087,20,""
"APM","CAP1->CAP7 Transition Probability","Bilateral","RH_variability_x_m",-0.103951587068129,0.68145210881959,0.0108059324539827,20,""
"VGR","CAP4 Occurrence Rate","Bilateral","LH_initial_distance_ratio",-0.103576149396773,0.682545679273229,0.0107280187238627,20,""
"VGR","CAP1->CAP7 Transition Probability","Bilateral","LH_speed_maxima_count",0.103529607653223,0.682681287495243,0.0107183796608303,20,""
"BOB","CAP1->CAP7 Transition Probability","Bilateral","x1_right_hand_speed_maxima",0.101946604594241,0.687299150417506,0.0103931101882946,20,""
"BOB","CAP4 Occurrence Rate","Bilateral","x1_mean_movement_time_s",0.101112625549154,0.689736249536909,0.0102237630454434,20,""
"VGR","CAP1->CAP7 Transition Probability","Bilateral","RH_movement_time_s",0.10081694251781,0.690601010150604,0.0101640558986394,20,""
"APM","CAP4 Occurrence Rate","Bilateral","LH_abs_error_x_m",-0.100174724761584,0.692480508241811,0.0100349754810592,20,""
"APM","CAP1->CAP7 Transition Probability","Bilateral","LH_abs_error_x_m",0.0999498236103538,0.693139103152232,0.00998996723974083,20,""
"BOB","CAP4 Occurrence Rate","Bilateral","x2_left_hand_speed_maxima",0.0994668810671892,0.694554047059607,0.00989366042923436,20,""
"BOB","CAP4 Occurrence Rate","Bilateral","x1_left_hand_speed_maxima",-0.0985408160587079,0.697269954247421,0.00971029242951611,20,""
"BOB","CAP1->CAP7 Transition Probability","Bilateral","x3_hand_speed_peak_bias",0.0968627980937067,0.702200055461308,0.00938240165454219,20,""
"BOB","CAP1->CAP7 Transition Probability","Bilateral","x2_mean_movement_time_s",0.0953212861703342,0.706739091066795,0.00908614759716675,20,""
"APM","CAP4 Occurrence Rate","Bilateral","RH_abs_error_x_m",0.0932418182156932,0.712877076938546,0.00869403666416838,20,""
"OH","CAP4 Occurrence Rate","Bilateral","hand_selection_overlap",0.0883455086982521,0.727395430583782,0.00780492890715294,20,""
"BOB","CAP4 Occurrence Rate","Bilateral","x3_mean_left_hand_speed_m_s",0.0863882878659889,0.733224024719051,0.00746293628041697,20,""
"BOB","CAP1->CAP7 Transition Probability","Bilateral","x3_mean_bar_angle_rad",-0.0860740662978903,0.734161079039468,0.00740874488905361,20,""
"OH","CAP1->CAP7 Transition Probability","Bilateral","hand_speed_right_m_s",0.0854821444756393,0.735927245990051,0.00730719702415408,20,""
"APM","CAP1->CAP7 Transition Probability","Bilateral","RH_contraction_expansion_ratio_x",0.0850132306496523,0.73732727902056,0.00722724938549098,20,""
"BOB","CAP1->CAP7 Transition Probability","Bilateral","x2_bar_length_variability",-0.0830331355851801,0.743247870423027,0.0068945016051069,20,""
"OH","CAP1->CAP7 Transition Probability","Bilateral","hand_transition",0.0769313878204521,0.761577506937929,0.00591843843198081,20,""
"APM","CAP1->CAP7 Transition Probability","Bilateral","LH_contraction_expansion_ratio_y",0.0764055857240905,0.763162832517136,0.00583781352984135,20,""
"VGR","CAP4 Occurrence Rate","Bilateral","RH_false_starts",-0.0770488981741785,0.76881910145685,0.00593653270985493,19,""
"BOB","CAP1->CAP7 Transition Probability","Bilateral","x2_stdev_bar_angle_rad",-0.0743774349063365,0.769286184615709,0.00553200282324632,20,""
"OH","CAP4 Occurrence Rate","Bilateral","hand_speed_right_m_s",-0.0732391309352365,0.772728653617557,0.00536397030014871,20,""
"BOB","CAP4 Occurrence Rate","Bilateral","x2_norm_absolute_hand_speed_diff",-0.0730867630192847,0.77318975404016,0.00534167492863708,20,""
"BOB","CAP4 Occurrence Rate","Bilateral","x1_norm_absolute_hand_speed_diff",0.0701757516809668,0.782012863112678,0.00492463612398871,20,""
"APM","CAP1->CAP7 Transition Probability","Bilateral","RH_shift_y_m",-0.0700673956210575,0.782341780507103,0.00490943992911778,20,""
"BOB","CAP4 Occurrence Rate","Bilateral","x3_targets_completed",-0.0691897098098535,0.78500730709893,0.00478721594357174,20,""
"APM","CAP1->CAP7 Transition Probability","Bilateral","RH_abs_error_x_m",-0.0687726162466768,0.786274817954423,0.00472967274541268,20,""
"BOB","CAP1->CAP7 Transition Probability","Bilateral","x1_mean_movement_time_s",0.0687651722416912,0.786297444289384,0.00472864891342946,20,""
"OH","CAP4 Occurrence Rate","Bilateral","hand_speed_bias",0.0678115384885615,0.789197391683795,0.00459840475218565,20,""
"VGR","CAP1->CAP7 Transition Probability","Bilateral","RH_initial_direction_angle_rad",0.0635543254038401,0.802175029954061,0.0040391522775372,20,""
"VGR","CAP4 Occurrence Rate","Bilateral","RH_initial_distance_ratio",0.0633251584126499,0.802875050728306,0.00401007568798721,20,""
"BOB","CAP4 Occurrence Rate","Bilateral","x3_norm_absolute_hand_speed_diff",0.0583408942345184,0.818134628733635,0.00340365994008326,20,""
"BOB","CAP1->CAP7 Transition Probability","Bilateral","x3_drops",-0.0571916472761025,0.821662154279744,0.00327088451815413,20,""
"VGR","CAP4 Occurrence Rate","Bilateral","RH_movement_time_s",0.056246190423283,0.824566607214478,0.00316363393713222,20,""
"BOB","CAP4 Occurrence Rate","Bilateral","x2_mean_left_hand_speed_m_s",0.0549844830937673,0.828445958908684,0.00302329338108879,20,""
"APM","CAP4 Occurrence Rate","Bilateral","RH_variability_x_m",0.0530645704781971,0.834356310413919,0.00281584864003555,20,""
"VGR","CAP4 Occurrence Rate","Bilateral","RH_reaction_time_s",0.0505184958729685,0.842207267914986,0.00255211842526714,20,""
"BOB","CAP1->CAP7 Transition Probability","Bilateral","x2_hand_path_bias",0.0501254514127775,0.843420523016251,0.00251256087933472,20,""
"BOB","CAP4 Occurrence Rate","Bilateral","x2_bar_length_variability",0.0493247060691446,0.845893310245126,0.00243292662880751,20,""
"OH","CAP4 Occurrence Rate","Bilateral","hand_transition",-0.0479123754961137,0.850258066317133,0.0022955957256806,20,""
"BOB","CAP1->CAP7 Transition Probability","Bilateral","x1_targets_completed",-0.0478410142010733,0.850478716839756,0.0022887626397873,20,""
"BOB","CAP4 Occurrence Rate","Bilateral","x2_mean_right_hand_speed_m_s",0.0463164475043265,0.855195207318037,0.00214521330942104,20,""
"BOB","CAP4 Occurrence Rate","Bilateral","x2_mean_bar_angle_rad",0.0426419810245267,0.866581677856386,0.0018183385456961,20,""
"BOB","CAP4 Occurrence Rate","Bilateral","x1_targets_completed",0.0390359848357204,0.87778033924143,0.00152380811209459,20,""
"BOB","CAP1->CAP7 Transition Probability","Bilateral","x1_left_hand_speed_maxima",0.0342730791975108,0.892605440876234,0.00117464395767885,20,""
"APM","CAP4 Occurrence Rate","Bilateral","RH_abs_error_y_m",-0.0330222665104163,0.896504561596783,0.00109047008548496,20,""
"VGR","CAP1->CAP7 Transition Probability","Bilateral","RH_false_starts",-0.0336576162841197,0.897959904314732,0.00113283513392904,19,""
"VGR","CAP1->CAP7 Transition Probability","Bilateral","RH_speed_maxima_count",0.0288308035830426,0.909586459776075,0.000831215235243984,20,""
"VGR","CAP1->CAP7 Transition Probability","Bilateral","RH_initial_distance_ratio",0.0267255252777743,0.916165769077221,0.000714253701372954,20,""
"BOB","CAP4 Occurrence Rate","Bilateral","x1_bar_length_variability",-0.0262992017216921,0.91749873871154,0.000691648011198254,20,""
"VGR","CAP4 Occurrence Rate","Bilateral","LH_movement_time_s",0.02467458300211,0.922580262678668,0.000608835046328016,20,""
"BOB","CAP1->CAP7 Transition Probability","Bilateral","x2_targets_completed",0.0240377425888569,0.924572977467529,0.000577813068768146,20,""
"VGR","CAP4 Occurrence Rate","Bilateral","LH_path_length_ratio",-0.0223817649736723,0.929756610756078,0.000500943403336703,20,""
"BOB","CAP1->CAP7 Transition Probability","Bilateral","x3_hand_path_bias",-0.0205271403151112,0.935565246178556,0.000421363489516264,20,""
"BOB","CAP1->CAP7 Transition Probability","Bilateral","x3_stdev_bar_angle_rad",0.0200687967746613,0.937001254229587,0.000402756603982656,20,""
"APM","CAP4 Occurrence Rate","Bilateral","RH_shift_x_m",0.0188410621306415,0.94084869431863,0.000354985622210693,20,""
"BOB","CAP4 Occurrence Rate","Bilateral","x3_right_hand_speed_maxima",0.0174503701713467,0.945208306904027,0.000304515419117026,20,""
"VGR","CAP1->CAP7 Transition Probability","Bilateral","RH_reaction_time_s",0.0126818714535615,0.960167369766351,0.000160829863564658,20,""
"VGR","CAP1->CAP7 Transition Probability","Bilateral","LH_posture_speed_m_s",-0.0113190544774685,0.96444514369991,0.0001281209942639,20,""
"OH","CAP1->CAP7 Transition Probability","Bilateral","hand_bias_of_hits",-0.0107515536360292,0.966226762522474,0.000115595905588412,20,""
"VGR","CAP4 Occurrence Rate","Bilateral","LH_false_starts",-0.0107768057576214,0.967255862039376,0.000116139542337501,19,""
"APM","CAP1->CAP7 Transition Probability","Bilateral","RH_shift_x_m",0.00897914747623727,0.971792018769892,8.06250894000182e-05,20,""
"APM","CAP4 Occurrence Rate","Bilateral","LH_shift_y_m",0.00513939830373305,0.983852543989603,2.64134149244142e-05,20,""
"VGR","CAP4 Occurrence Rate","Bilateral","LH_reaction_time_s",-0.00365138093098122,0.988527389969191,1.33325827031333e-05,20,""
"BOB","CAP4 Occurrence Rate","Bilateral","x1_stdev_bar_angle_rad",0.0013071841070928,0.99589272646906,1.70873028983601e-06,20,""
