"task","metric","parameter","correlation","p_value","r_squared","n_obs","sig"
"BOB","Occurrence","x1_mean_bar_angle_rad",-0.557772278760042,0.0106057484583692,0.31110991495317,20,"*"
"APM","Occurrence","LH_abs_error_y_m",0.547234071064171,0.0125161835010696,0.299465128533466,20,"*"
"APM","transition_probability","LH_shift_x_m",0.493976463810903,0.026848400540722,0.244012746799125,20,"*"
"APM","Occurrence","LH_contraction_expansion_ratio_y",0.468197513345137,0.0373442567557076,0.21920891150257,20,"*"
"APM","transition_probability","LH_abs_error_x_m",-0.460843896116269,0.0408567143182947,0.212377096587623,20,"*"
"VGR","Occurrence","LH_speed_maxima_count",0.451637472680196,0.0456083211506001,0.203976406728955,20,"*"
"BOB","transition_probability","x2_mean_bar_angle_rad",0.440512547758199,0.0519046830432281,0.194051304732419,20,""
"VGR","Occurrence","LH_path_length_ratio",0.440346535863191,0.0520034157749848,0.193905071646713,20,""
"APM","Dwell_Time","LH_abs_error_y_m",0.427067669172932,0.0617253124825706,0.182386794052801,20,""
"VGR","Occurrence","RH_speed_maxima_count",0.423033766077117,0.0631110887093635,0.178957567241389,20,""
"APM","Occurrence","RH_abs_error_y_m",0.417764662229182,0.0668231829062182,0.174527313007462,20,""
"BOB","Occurrence","x2_mean_bar_angle_rad",-0.414001016623513,0.0695735083581559,0.171396841765302,20,""
"BOB","Dwell_Time","x2_mean_bar_angle_rad",-0.409022556390977,0.0745262874233974,0.16729945163661,20,""
"VGR","transition_probability","RH_path_length_ratio",-0.3930727349227,0.0864390926015159,0.154506174939611,20,""
"APM","Dwell_Time","LH_contraction_expansion_ratio_y",0.392481203007519,0.0879513757208946,0.154041494714229,20,""
"APM","Dwell_Time","RH_variability_x_m",0.390977443609023,0.0892564897315255,0.152863361411046,20,""
"BOB","Occurrence","x3_drops",0.388764595942569,0.0902555737770736,0.151137911058389,20,""
"BOB","Occurrence","x2_bar_length_variability",-0.380128206172499,0.0982770098676558,0.144497453127922,20,""
"BOB","transition_probability","x1_mean_bar_angle_rad",0.378012476879685,0.100318937101402,0.142893432676714,20,""
"BOB","Occurrence","x3_drops_targets",0.372542828353322,0.105740686415618,0.138788158957493,20,""
"BOB","Dwell_Time","x3_mean_bar_angle_rad",0.372932330827068,0.106074593932156,0.139078523376109,20,""
"BOB","Dwell_Time","x3_left_hand_speed_maxima",-0.346125003927848,0.134938950466985,0.119802518344053,20,""
"APM","Dwell_Time","RH_contraction_expansion_ratio_y",0.342857142857143,0.139150860121119,0.117551020408163,20,""
"BOB","Dwell_Time","x1_mean_bar_angle_rad",-0.342857142857143,0.139150860121119,0.117551020408163,20,""
"APM","Dwell_Time","RH_contraction_expansion_ratio_x",0.33984962406015,0.142825466565406,0.115497766973826,20,""
"BOB","Dwell_Time","x3_right_hand_speed_maxima",-0.33722264626788,0.145948745298622,0.113719113155912,20,""
"OH","Occurrence","hand_bias_of_hits",-0.334211729783345,0.149810536500742,0.111697480324776,20,""
"VGR","transition_probability","LH_movement_time_s",0.331325676946338,0.153578471383478,0.109776704203949,20,""
"OH","Occurrence","hand_speed_bias",-0.328189896814276,0.157746492949592,0.107708608370965,20,""
"APM","Occurrence","RH_shift_y_m",-0.32292079296634,0.164925157953334,0.10427783853001,20,""
"VGR","Occurrence","LH_initial_distance_ratio",-0.32292079296634,0.164925157953334,0.10427783853001,20,""
"BOB","Occurrence","x3_right_hand_speed_maxima",-0.322532027128862,0.165463562834414,0.104026908523853,20,""
"APM","transition_probability","RH_variability_y_m",-0.317771444707624,0.172154681882287,0.10097869107157,20,""
"BOB","Occurrence","x3_left_hand_speed_maxima",-0.309604541734818,0.184059612250515,0.0958549722628268,20,""
"VGR","transition_probability","RH_initial_speed_ratio",-0.309248583549748,0.184590832558223,0.0956346864275253,20,""
"VGR","Dwell_Time","LH_initial_speed_ratio",0.299848902116482,0.198995024099329,0.0899093641004598,20,""
"VGR","Occurrence","RH_reaction_time_s",-0.299811697349045,0.199053485051632,0.0898870538673155,20,""
"OH","Dwell_Time","hand_bias_of_hits",-0.299248120300752,0.199406427091642,0.0895494375035333,20,""
"APM","Dwell_Time","RH_variability_y_m",0.299248120300752,0.199406427091642,0.0895494375035333,20,""
"VGR","Occurrence","RH_path_length_ratio",0.295822544605529,0.205388387303004,0.08751097789689,20,""
"VGR","Occurrence","RH_initial_distance_ratio",-0.294317086363261,0.207813493711693,0.0866225473253594,20,""
"APM","transition_probability","RH_abs_error_y_m",-0.291415993132347,0.212540114132192,0.084923281053312,20,""
"BOB","transition_probability","x3_right_hand_speed_maxima",-0.287975896823835,0.218236143535485,0.0829301171514922,20,""
"BOB","transition_probability","x3_left_hand_speed_maxima",-0.280331654578831,0.231249231912756,0.0785858365589053,20,""
"BOB","transition_probability","x2_targets_completed",0.279643331990906,0.232445161799371,0.0782003931269763,20,""
"APM","Occurrence","RH_shift_x_m",-0.274746129213786,0.24106947047726,0.0754854355179584,20,""
"BOB","Dwell_Time","x3_mean_movement_time_s",-0.273684210526316,0.242002105501717,0.0749030470914128,20,""
"OH","transition_probability","hand_speed_bias",-0.270331631872125,0.249017808441032,0.0730791911906463,20,""
"OH","Occurrence","hits_with_right",-0.277166981401239,0.250635174405411,0.0768215355790745,19,""
"BOB","transition_probability","x3_mean_movement_time_s",-0.263554515752768,0.261542064872822,0.0694609827736763,20,""
"APM","Dwell_Time","RH_abs_error_y_m",0.255639097744361,0.275434001540904,0.0653513482955509,20,""
"APM","Occurrence","RH_contraction_expansion_ratio_y",0.255927901185445,0.276103321253225,0.0654990906051867,20,""
"BOB","Dwell_Time","x3_drops",0.251656859288635,0.284474056571581,0.0633311748270197,20,""
"BOB","Dwell_Time","x3_hand_speed_diff_m_s",0.257894736842105,0.285185191755077,0.0665096952908587,19,""
"OH","Dwell_Time","hand_transition",-0.24812030075188,0.290194327533905,0.0615636836452032,20,""
"VGR","Dwell_Time","LH_initial_distance_ratio",-0.243609022556391,0.299285371790743,0.0593453558708802,20,""
"APM","transition_probability","LH_contraction_expansion_ratio_x",0.243976180296849,0.299917416723553,0.0595243765522403,20,""
"BOB","transition_probability","x1_targets_completed",0.242501073340875,0.30294069818547,0.0588067705714765,20,""
"OH","transition_probability","total_hits",0.241145509315124,0.305735232309933,0.0581511566628505,20,""
"VGR","transition_probability","LH_speed_maxima_count",0.239458102883944,0.309235609729542,0.0573401830367775,20,""
"VGR","Occurrence","RH_initial_direction_angle_rad",0.239367860520504,0.309423488449388,0.0572969726501635,20,""
"BOB","transition_probability","x2_right_hand_speed_maxima",-0.238884770165295,0.310430422546355,0.0570659334169256,20,""
"VGR","transition_probability","LH_posture_speed_m_s",0.238705089981793,0.310805444291477,0.056980119983216,20,""
"VGR","Dwell_Time","LH_speed_maxima_count",0.237593984962406,0.311680533181315,0.056450901690316,20,""
"VGR","Occurrence","RH_posture_speed_m_s",-0.237862402278237,0.312567912622241,0.0565785224175737,20,""
"BOB","transition_probability","x3_hand_speed_diff_m_s",-0.243409866244011,0.315293006209523,0.0592483629849271,19,""
"VGR","Occurrence","LH_reaction_time_s",-0.234098756672568,0.320512728955475,0.0548022278756424,20,""
"OH","Dwell_Time","movement_area_right_hand_m_2",-0.231578947368421,0.324387986726912,0.0536288088642659,20,""
"VGR","transition_probability","LH_initial_speed_ratio",-0.231449467999811,0.326176822643232,0.0535688562373956,20,""
"BOB","transition_probability","x1_reaction_time_abs_diff_s",0.244961534717483,0.327230382509057,0.0600061534911447,18,""
"OH","Dwell_Time","hand_selection_overlap",-0.227067669172932,0.334122926404918,0.0515597263836282,20,""
"VGR","Occurrence","LH_posture_speed_m_s",-0.224313278097831,0.341726945945915,0.0503164467309948,20,""
"BOB","Occurrence","x3_hand_speed_diff_m_s",0.229148464084258,0.345340906028182,0.0525090185921746,19,""
"VGR","transition_probability","RH_initial_direction_angle_rad",0.219879767428024,0.351602089721649,0.0483471121242019,20,""
"BOB","Dwell_Time","x1_hand_speed_diff_m_s",0.22280701754386,0.357626943507341,0.0496429670667898,19,""
"OH","Occurrence","hand_transition",-0.215280528644227,0.362018807461707,0.0463457060133378,20,""
"VGR","Dwell_Time","LH_path_length_ratio",0.213533834586466,0.364372006474801,0.0455966985132003,20,""
"BOB","Occurrence","x3_bar_length_variability",-0.200978675342687,0.395519845664738,0.0403924279425013,20,""
"APM","Dwell_Time","RH_shift_x_m",-0.2,0.396168703485037,0.04,20,""
"VGR","Dwell_Time","RH_speed_maxima_count",0.2,0.396168703485037,0.04,20,""
"BOB","transition_probability","x1_bar_length_variability",0.200301431972104,0.397147394123575,0.0401206636500754,20,""
"APM","transition_probability","RH_shift_y_m",0.199548419069953,0.398961357052997,0.0398195715533177,20,""
"BOB","transition_probability","x1_mean_movement_time_s",-0.195783354559199,0.408099240590819,0.0383311219224532,20,""
"BOB","Dwell_Time","x3_drops_targets",0.195534800320956,0.408706464613609,0.0382338581365561,20,""
"BOB","transition_probability","x2_bar_length_variability",0.189759251341993,0.422953982896008,0.0360085734698738,20,""
"VGR","Occurrence","LH_initial_speed_ratio",0.187422859664427,0.428792067493719,0.0351273283247916,20,""
"VGR","Dwell_Time","RH_initial_direction_angle_rad",0.184962406015038,0.433273061785395,0.0342110916388716,20,""
"VGR","transition_probability","RH_speed_maxima_count",-0.184488161026938,0.436185431107662,0.0340358815591014,20,""
"APM","Dwell_Time","LH_variability_x_m",0.183458646616541,0.437084141438558,0.033657075018373,20,""
"BOB","Occurrence","x1_hand_speed_diff_m_s",0.188762144743738,0.438970276179434,0.0356311472882558,19,""
"OH","Dwell_Time","hits_with_right",-0.188132322503441,0.440527046129859,0.0353937707705387,19,""
"VGR","Dwell_Time","LH_movement_time_s",0.181954887218045,0.440913256613503,0.0331075809825315,20,""
"BOB","Dwell_Time","x2_bar_length_variability",-0.181954887218045,0.440913256613503,0.0331075809825315,20,""
"APM","Occurrence","LH_abs_error_x_m",-0.182160447314346,0.442097011443566,0.0331824285657626,20,""
"OH","transition_probability","median_error",0.179419537811709,0.44911131168069,0.0321913705485672,20,""
"OH","transition_probability","movement_area_bias",-0.17695803200543,0.455459400681475,0.0313141450912349,20,""
"BOB","Dwell_Time","x1_mean_movement_time_s",-0.172932330827068,0.4642625987046,0.0299055910452824,20,""
"OH","transition_probability","hand_speed_left_m_s",0.172439954592526,0.467230297899402,0.0297355379398723,20,""
"APM","Occurrence","LH_variability_x_m",0.172374968739608,0.46740072061509,0.0297131298479809,20,""
"BOB","transition_probability","x3_mean_bar_angle_rad",0.170933928788224,0.471187865523639,0.0292184080109777,20,""
"VGR","Dwell_Time","LH_false_starts",-0.172602027165179,0.479809321295694,0.0297914597815293,19,""
"OH","Dwell_Time","hand_speed_left_m_s",0.166917293233083,0.48017992060882,0.0278613827802589,20,""
"VGR","Dwell_Time","RH_path_length_ratio",0.16390977443609,0.488241913811412,0.02686641415569,20,""
"APM","Dwell_Time","LH_abs_error_x_m",-0.160902255639098,0.49637184867269,0.0258895358697496,20,""
"APM","transition_probability","LH_contraction_expansion_ratio_y",-0.161144761060264,0.497318276076351,0.0259676340171696,20,""
"BOB","Occurrence","x3_mean_movement_time_s",-0.161084031922603,0.497482549255012,0.0259480653404423,20,""
"BOB","Occurrence","x3_targets_completed",-0.160498901437318,0.499066687151905,0.0257598973625858,20,""
"BOB","Dwell_Time","x2_left_hand_speed_maxima",0.159638735255963,0.501399873491012,0.0254845257941233,20,""
"BOB","transition_probability","x2_left_hand_speed_maxima",-0.159125188536953,0.502795372073079,0.0253208256269209,20,""
"APM","Dwell_Time","LH_shift_x_m",-0.157894736842105,0.50456898372936,0.0249307479224377,20,""
"OH","Occurrence","median_error",-0.154860587792012,0.514455890255138,0.0239818016512875,20,""
"VGR","Dwell_Time","RH_false_starts",-0.159035837661889,0.515486675921289,0.0252923976608187,19,""
"BOB","Dwell_Time","x2_hand_speed_diff_m_s",0.156140350877193,0.521808775801614,0.0243798091720529,19,""
"VGR","Occurrence","RH_false_starts",0.15503512273941,0.526241069220873,0.0240358892828239,19,""
"VGR","Dwell_Time","LH_posture_speed_m_s",-0.147368421052632,0.533776866653663,0.0217174515235457,20,""
"OH","Dwell_Time","hits_with_left",0.151275812416867,0.536440445408301,0.0228843714223831,19,""
"BOB","transition_probability","x3_targets_completed",0.144692362404716,0.542766172874319,0.0209358797382576,20,""
"BOB","Occurrence","x1_reaction_time_abs_diff_s",0.152971760076741,0.544517762630408,0.0234003593809759,18,""
"VGR","transition_probability","LH_false_starts",0.147450084840309,0.546911823783353,0.0217415275194142,19,""
"APM","transition_probability","LH_variability_y_m",0.140813412702193,0.55374928456682,0.0198284171968383,20,""
"BOB","Dwell_Time","x1_left_hand_speed_maxima",0.140654391293245,0.55420166033852,0.0197836577900734,20,""
"OH","transition_probability","movement_area_left_hand_m_2",0.140060399800043,0.555892876054381,0.0196169155921478,20,""
"APM","Occurrence","LH_shift_x_m",-0.139254887409727,0.558190004726242,0.0193919236674958,20,""
"VGR","transition_probability","LH_initial_distance_ratio",-0.138554373995741,0.560191123141697,0.0191973145533517,20,""
"BOB","Dwell_Time","x1_targets_completed",0.138146635287649,0.561357348777448,0.0190844928412986,20,""
"OH","Occurrence","movement_area_right_hand_m_2",-0.13774942916746,0.562494479645593,0.018974905235961,20,""
"VGR","Dwell_Time","RH_posture_speed_m_s",-0.136842105263158,0.563763030017002,0.0187257617728532,20,""
"BOB","Dwell_Time","x1_right_hand_speed_maxima",0.13704834819144,0.564504026411746,0.0187822497420021,20,""
"VGR","Dwell_Time","RH_reaction_time_s",-0.135440218928288,0.569125378940482,0.0183440529033427,20,""
"OH","Dwell_Time","movement_area_bias",-0.133834586466165,0.572468103237454,0.0179116965345695,20,""
"VGR","transition_probability","LH_reaction_time_s",0.132530270778535,0.577529503734425,0.0175642726726318,20,""
"APM","Occurrence","RH_contraction_expansion_ratio_x",0.131727596198391,0.579857035951876,0.0173521596002062,20,""
"VGR","transition_probability","RH_movement_time_s",0.129518219169932,0.586284269301735,0.0167749690969505,20,""
"BOB","transition_probability","x2_mean_movement_time_s",-0.129518219169932,0.586284269301735,0.0167749690969505,20,""
"VGR","transition_probability","RH_initial_distance_ratio",0.124247128854877,0.601738669554996,0.0154373490286803,20,""
"BOB","transition_probability","x3_bar_length_variability",-0.124247128854877,0.601738669554996,0.0154373490286803,20,""
"APM","transition_probability","LH_abs_error_y_m",-0.122741103050575,0.606184823887161,0.0150653783780719,20,""
"OH","Occurrence","hand_speed_right_m_s",-0.121942117623653,0.608549059927235,0.0148698800505408,20,""
"OH","Dwell_Time","median_error",-0.118931201139118,0.617491984608034,0.0141446306043934,20,""
"OH","Occurrence","hits_with_left",0.121038919979626,0.62158881709842,0.0146504201498343,19,""
"OH","Occurrence","hand_selection_overlap",-0.114414826412316,0.631003772881456,0.0130907525029605,20,""
"APM","transition_probability","LH_variability_x_m",0.112198922420464,0.637674960536054,0.0125885981923134,20,""
"BOB","Occurrence","x2_right_hand_speed_maxima",-0.111864414714405,0.638684377732253,0.0125136472793964,20,""
"VGR","Occurrence","LH_initial_direction_angle_rad",0.109898451685514,0.644629229763198,0.0120776696828733,20,""
"VGR","transition_probability","RH_reaction_time_s",0.105124370467062,0.659151643688131,0.0110511332660961,20,""
"BOB","transition_probability","x2_hand_speed_diff_m_s",-0.105448317506431,0.667460839330808,0.011119347664937,19,""
"BOB","Occurrence","x1_mean_movement_time_s",-0.10086570223191,0.672206258732913,0.0101738898867364,20,""
"OH","Dwell_Time","total_hits",0.100827718535504,0.672323108931633,0.0101662288250747,20,""
"OH","Dwell_Time","hand_speed_bias",-0.0992481203007519,0.676586850985203,0.00985018938323252,20,""
"OH","transition_probability","movement_area_right_hand_m_2",0.0956326385731474,0.688372018375942,0.00914560156046224,20,""
"OH","transition_probability","hand_speed_right_m_s",0.0933735998666951,0.695391444453421,0.00871862915206569,20,""
"BOB","transition_probability","x1_hand_speed_diff_m_s",0.0949034857557875,0.699152339694668,0.00900667160859896,19,""
"APM","Dwell_Time","RH_abs_error_x_m",-0.0917293233082707,0.700101121478797,0.00841426875459325,20,""
"OH","Occurrence","movement_area_left_hand_m_2",-0.0918329527783066,0.700192400593198,0.00843329121598269,20,""
"VGR","Occurrence","RH_movement_time_s",0.0910802236571729,0.702542051328492,0.00829560714144064,20,""
"APM","Occurrence","RH_variability_x_m",0.0903274945360393,0.704894302485982,0.0081590562691582,20,""
"OH","Dwell_Time","movement_area_left_hand_m_2",-0.087218045112782,0.714342078665137,0.00760698739329527,20,""
"APM","Dwell_Time","LH_contraction_expansion_ratio_x",0.087218045112782,0.714342078665138,0.00760698739329527,20,""
"OH","Occurrence","miss_bias",0.0858433978317477,0.718959779634491,0.00736908895129971,20,""
"VGR","Occurrence","LH_movement_time_s",-0.0850583906881036,0.721431268549203,0.00723492982645008,20,""
"OH","transition_probability","hits_with_right",0.0854249312231527,0.728053393543332,0.00729741887448036,19,""
"VGR","transition_probability","RH_posture_speed_m_s",-0.0820784063344336,0.73083738358051,0.00673686478640039,20,""
"BOB","Occurrence","x1_bar_length_variability",-0.082047474203569,0.730935215549027,0.00673178802318532,20,""
"BOB","Dwell_Time","x1_reaction_time_abs_diff_s",0.0856553147574819,0.735675587394805,0.0073368329462033,18,""
"BOB","Occurrence","x1_targets_completed",0.0794100689624837,0.739291353701239,0.00630595905262641,20,""
"VGR","Dwell_Time","RH_movement_time_s",0.0781954887218045,0.743101807768873,0.00611453445644186,20,""
"APM","transition_probability","RH_contraction_expansion_ratio_y",0.077560328921529,0.745168809340831,0.00601560462241577,20,""
"OH","transition_probability","hand_selection_overlap",-0.0760543031172275,0.749964179749591,0.00578425702264712,20,""
"BOB","transition_probability","x3_drops",0.0736721043339385,0.757567393834401,0.00542757895699072,20,""
"VGR","transition_probability","LH_path_length_ratio",-0.0722892386064736,0.761990960133039,0.00522573401830368,20,""
"BOB","transition_probability","x1_left_hand_speed_maxima",0.0715631341971701,0.764316510043712,0.00512128217612217,20,""
"APM","transition_probability","RH_shift_x_m",0.0715362257043229,0.764402729396884,0.00511743158801982,20,""
"BOB","Occurrence","x2_targets_completed",-0.0691248723657959,0.772139837536217,0.00477824797958757,20,""
"APM","transition_probability","RH_contraction_expansion_ratio_x",0.067771161193569,0.776492520034833,0.00459293028952472,20,""
"BOB","Dwell_Time","x3_bar_length_variability",0.0676691729323308,0.777083013809517,0.00457911696534569,20,""
"APM","Dwell_Time","RH_shift_y_m",-0.0631578947368421,0.79177400359252,0.00398891966759003,20,""
"BOB","Occurrence","x2_left_hand_speed_maxima",0.0625706791528228,0.793272671028125,0.0039150898896455,20,""
"VGR","Dwell_Time","LH_reaction_time_s",-0.0616541353383459,0.796686746072544,0.00380123240431907,20,""
"OH","Dwell_Time","hand_speed_right_m_s",0.0616541353383459,0.796686746072544,0.00380123240431907,20,""
"BOB","transition_probability","x1_right_hand_speed_maxima",0.0610859728506787,0.798079741255033,0.00373149607911386,20,""
"APM","Dwell_Time","LH_shift_y_m",-0.0601503759398496,0.80160706879076,0.00361806772570524,20,""
"BOB","Occurrence","x3_mean_bar_angle_rad",0.0572074132061582,0.810670099813448,0.00327268812574012,20,""
"OH","transition_probability","hand_bias_of_hits",-0.054969941857006,0.817953870888102,0.00302169450776262,20,""
"APM","transition_probability","RH_variability_x_m",-0.0534639160527045,0.822864662397143,0.00285839031969063,20,""
"OH","Occurrence","hand_speed_left_m_s",0.0534437676004899,0.822930405121105,0.00285623629533517,20,""
"APM","Occurrence","LH_contraction_expansion_ratio_x",0.0519383093582226,0.827845774860562,0.00269758797899043,20,""
"APM","Occurrence","RH_variability_y_m",0.0519383093582226,0.827845774860562,0.00269758797899043,20,""
"APM","Dwell_Time","LH_variability_y_m",0.0511278195488722,0.831278236428793,0.00261405393182204,20,""
"APM","Occurrence","LH_shift_y_m",0.0496801219948216,0.835230344175386,0.00246811452142036,20,""
"VGR","Occurrence","RH_initial_speed_ratio",0.0397455479861774,0.867867773354879,0.00157970858472153,20,""
"OH","Occurrence","total_hits",-0.0391713775430913,0.869760877873329,0.0015343968186234,20,""
"BOB","Dwell_Time","x2_mean_movement_time_s",-0.0390977443609023,0.871187187529794,0.00152863361411046,20,""
"BOB","Dwell_Time","x3_targets_completed",0.0347040853205014,0.884512595497872,0.00120437353793264,20,""
"APM","Occurrence","RH_abs_error_x_m",0.0331200813298811,0.889752280546325,0.00109693978729794,20,""
"BOB","transition_probability","x3_drops_targets",0.0326382504205557,0.891346999588698,0.00106525539051491,20,""
"VGR","Occurrence","LH_false_starts",-0.030711756793129,0.900674041761024,0.000943212005320305,19,""
"VGR","Dwell_Time","LH_initial_direction_angle_rad",0.0300751879699248,0.901327975880114,0.00090451693142631,20,""
"BOB","Dwell_Time","x2_right_hand_speed_maxima",-0.0285929351070831,0.904751083707333,0.000817555938037866,20,""
"VGR","transition_probability","LH_initial_direction_angle_rad",-0.0271084644774276,0.909676268681369,0.000734868846323955,20,""
"APM","Occurrence","LH_variability_y_m",-0.0270982483608118,0.909710174966331,0.000734315064224238,20,""
"BOB","Occurrence","x1_right_hand_speed_maxima",-0.0263852261487807,0.912076993596193,0.000696180158922302,20,""
"OH","transition_probability","miss_bias",0.0225988844833169,0.924656930552179,0.0005107095798903,20,""
"OH","transition_probability","hand_transition",0.0218373741623722,0.927189186744703,0.000476870910307443,20,""
"VGR","transition_probability","RH_false_starts",0.0207202349515818,0.932901905743012,0.00042932813644875,19,""
"BOB","Dwell_Time","x2_targets_completed",-0.0189689197722953,0.936733539490738,0.000359819917327776,20,""
"BOB","Occurrence","x1_left_hand_speed_maxima",-0.0173192820186859,0.942226308870052,0.000299957529642778,20,""
"OH","transition_probability","hits_with_left",0.0176211522137653,0.942920684530625,0.000310505005340686,19,""
"VGR","Dwell_Time","RH_initial_speed_ratio",0.0158802787495675,0.947019792192881,0.000252183253163966,20,""
"APM","transition_probability","LH_shift_y_m",0.012801219336563,0.957282176396727,0.000163871216502795,20,""
"OH","Occurrence","movement_area_bias",-0.0120436659381386,0.95980812453067,0.000145049889229479,20,""
"BOB","Occurrence","x2_mean_movement_time_s",-0.0120436659381386,0.95980812453067,0.000145049889229479,20,""
"VGR","Dwell_Time","RH_initial_distance_ratio",-0.00451127819548872,0.987319785553309,2.0351630957092e-05,20,""
"APM","transition_probability","RH_abs_error_x_m",-0.00376506451075383,0.987430918493599,1.4175710770138e-05,20,""
"BOB","Occurrence","x2_hand_speed_diff_m_s",-0.00263389039177308,0.991461694837937,6.93737859587457e-06,19,""
"BOB","Dwell_Time","x1_bar_length_variability",-0.00300751879699248,0.99239167872682,9.0451693142631e-06,20,""
"OH","Dwell_Time","miss_bias",0.00150432504056947,0.994977885598091,2.26299382768433e-06,20,""
